{"cameraMode":{"drawMode":0,"name":"Shaded","section":"Shading Mode"},"sceneLighting":true,"audioPlay":false,"sceneViewState":{"m_AlwaysRefresh":false,"showFog":true,"showSkybox":false,"showFlares":true,"showImageEffects":true,"showParticleSystems":true,"showVisualEffectGraphs":true,"m_FxEnabled":true},"in2DMode":false,"pivot":{"x":-0.17279961705207826,"y":0.4598503112792969,"z":-5.779594898223877},"rotation":{"x":-0.2709057629108429,"y":0.033483367413282397,"z":-0.009437172673642636,"w":-0.961993932723999},"size":3.477081060409546,"orthographic":false}