{"cameraMode":{"drawMode":0,"name":"Shaded","section":"Shading Mode"},"sceneLighting":true,"audioPlay":false,"sceneViewState":{"m_AlwaysRefresh":false,"showFog":true,"showSkybox":false,"showFlares":true,"showImageEffects":true,"showParticleSystems":true,"showVisualEffectGraphs":true,"m_FxEnabled":true},"in2DMode":false,"pivot":{"x":0.2444821000099182,"y":0.16809684038162232,"z":-5.793679237365723},"rotation":{"x":-0.1903858780860901,"y":0.0664995014667511,"z":-0.012927641160786152,"w":-0.9793797731399536},"size":1.5198237895965577,"orthographic":false}