{"cameraMode":{"drawMode":0,"name":"Shaded","section":"Shading Mode"},"sceneLighting":true,"audioPlay":false,"sceneViewState":{"m_AlwaysRefresh":false,"showFog":true,"showSkybox":false,"showFlares":true,"showImageEffects":true,"showParticleSystems":true,"showVisualEffectGraphs":true,"m_FxEnabled":true},"in2DMode":false,"pivot":{"x":0.042445868253707889,"y":-0.09810495376586914,"z":-5.345510005950928},"rotation":{"x":-0.3140961229801178,"y":-0.001143934903666377,"z":0.00037729047471657395,"w":-0.9494069218635559},"size":4.470870018005371,"orthographic":false}