{"cameraMode":{"drawMode":0,"name":"Shaded","section":"Shading Mode"},"sceneLighting":true,"audioPlay":false,"sceneViewState":{"m_AlwaysRefresh":false,"showFog":true,"showSkybox":false,"showFlares":true,"showImageEffects":true,"showParticleSystems":true,"showVisualEffectGraphs":true,"m_FxEnabled":true},"in2DMode":false,"pivot":{"x":0.05655229091644287,"y":-0.5604126453399658,"z":12.424057006835938},"rotation":{"x":-0.006779875140637159,"y":0.9736820459365845,"z":-0.22592803835868836,"w":-0.029219234362244607},"size":2.7307679653167726,"orthographic":false}