{"cameraMode":{"drawMode":0,"name":"Shaded","section":"Shading Mode"},"sceneLighting":true,"audioPlay":false,"sceneViewState":{"m_AlwaysRefresh":false,"showFog":true,"showSkybox":false,"showFlares":true,"showImageEffects":true,"showParticleSystems":true,"showVisualEffectGraphs":true,"m_FxEnabled":true},"in2DMode":false,"pivot":{"x":-0.10987472534179688,"y":0.19055289030075074,"z":13.162084579467774},"rotation":{"x":-0.11441202461719513,"y":0.19711461663246156,"z":-0.023169633001089097,"w":-0.9734205007553101},"size":9.269615173339844,"orthographic":false}